Workbook

Sheet Resumen
A1: SIGELAB: exportación de la base de datos
A3: Base de datos | B3: SigelabDB
A4: Generado el | B4: 46321.877 | C4: Fecha y hora de la exportación; con ella se calcula la columna Vencido de Préstamos.
A6: EQUIPOS
A7: Total de equipos | B7: =COUNTA(Equipos!$B:$B)-1 -> 10 | C7: Ver pestaña Equipos
A8: Disponibles | B8: =COUNTIF(Equipos!$J:$J,"DISPONIBLE") -> 9
A9: Prestados | B9: =COUNTIF(Equipos!$J:$J,"PRESTADO") -> 1
A10: Dañados | B10: =COUNTIF(Equipos!$J:$J,"DANADO") -> 0
A11: En mantenimiento | B11: =COUNTIF(Equipos!$J:$J,"MANTENIMIENTO") -> 0
A12: De baja | B12: =COUNTIF(Equipos!$J:$J,"BAJA") -> 0
A14: PRÉSTAMOS
A15: Total de préstamos | B15: =COUNTA(Préstamos!$B:$B)-1 -> 2 | C15: Ver pestaña Préstamos
A16: Activos | B16: =COUNTIF(Préstamos!$F:$F,"ACTIVO") -> 1
A17: Vencidos (a la fecha de generación) | B17: =COUNTIF(Préstamos!$L:$L,"Sí") -> 1
A18: Finalizados | B18: =COUNTIF(Préstamos!$F:$F,"FINALIZADO") -> 1
A19: Equipos pendientes de devolver | B19: =SUM(Préstamos!$K:$K) -> 1 | C19: Ver pestaña Detalle de préstamos
A20: Devoluciones registradas | B20: =COUNTA(Devoluciones!$B:$B)-1 -> 1 | C20: Ver pestaña Devoluciones
A22: MANTENIMIENTO
A23: Total de mantenimientos | B23: =COUNTA(Mantenimientos!$B:$B)-1 -> 0 | C23: Ver pestaña Mantenimientos
A24: En proceso | B24: =COUNTIF(Mantenimientos!$I:$I,"EN_PROCESO") -> 0
A25: Finalizados | B25: =COUNTIF(Mantenimientos!$I:$I,"FINALIZADO") -> 0
A27: USUARIOS Y CATÁLOGOS
A28: Usuarios | B28: =COUNTA(Usuarios!$B:$B)-1 -> 10 | C28: Ver pestaña Usuarios
A29: Usuarios activos | B29: =COUNTIF(Usuarios!$G:$G,"ACTIVO") -> 9
A30: Usuarios con rostro registrado | B30: =COUNTIF(Usuarios!$I:$I,"Sí") -> 6
A31: Laboratorios | B31: =COUNTA(Laboratorios!$B:$B)-1 -> 3 | C31: Ver pestaña Laboratorios
A32: Tipos de equipo | B32: =COUNTA('Tipos de equipo'!$B:$B)-1 -> 8 | C32: Ver pestaña Tipos de equipo
A33: Roles | B33: =COUNTA(Roles!$B:$B)-1 -> 3 | C33: Ver pestaña Roles
A35: AUDITORÍA
A36: Eventos registrados | B36: =COUNTA(Auditoría!$B:$B)-1 -> 39 | C36: Ver pestaña Auditoría
A37: Inicios de sesión exitosos | B37: =COUNTIF(Auditoría!$C:$C,"LOGIN_EXITOSO") -> 23
A38: Inicios de sesión fallidos | B38: =COUNTIF(Auditoría!$C:$C,"LOGIN_FALLIDO") -> 7
A39: Solicitudes de recuperación de contraseña | B39: =COUNTA(Recuperaciones!$B:$B)-1 -> 0 | C39: Ver pestaña Recuperaciones
A41: Notas
A42: • Datos leídos de SigelabDB tal como están en la base; no se modificó nada.
A43: • Por seguridad NO se exportan: contraseñas (hash), firmas faciales ni códigos de recuperación.
A44: • En la base el estado dañado se guarda como DANADO (sin ñ).
A45: • Pendientes y Vencido (pestaña Préstamos) y los conteos de esta hoja y de los catálogos son fórmulas.

Sheet Equipos
A1: ID | B1: Código | C1: Nombre | D1: Tipo | E1: Marca | F1: Modelo | G1: N° de serie | H1: Cód. laboratorio | I1: Laboratorio | J1: Estado | K1: Observaciones
A2: 1 | B2: CAM-001 | C2: Cámara réflex | D2: Cámara | E2: Canon | F2: EOS Rebel T7 | G2: CN-T7-000101 | H2: LAB-01 | I2: Laboratorio de Computación | J2: DISPONIBLE
A3: 2 | B3: CAM-002 | C3: Cámara web | D3: Cámara | E3: Logitech | F3: C920 | G3: LG-C920-000102 | H3: LAB-01 | I3: Laboratorio de Computación | J3: DISPONIBLE
A4: 10 | B4: KIT-001 | C4: Kit Arduino | D4: Kit electrónico | E4: Arduino | F4: Starter Kit UNO R3 | H4: LAB-03 | I4: Laboratorio de Electrónica | J4: DISPONIBLE
A5: 3 | B5: LAP-001 | C5: Laptop de préstamo 1 | D5: Laptop | E5: Dell | F5: Latitude 5440 | G5: DL-5440-000201 | H5: LAB-01 | I5: Laboratorio de Computación | J5: DISPONIBLE
A6: 4 | B6: LAP-002 | C6: Laptop de préstamo 2 | D6: Laptop | E6: Lenovo | F6: ThinkPad E14 | G6: LN-E14-000202 | H6: LAB-01 | I6: Laboratorio de Computación | J6: PRESTADO
A7: 9 | B7: MON-001 | C7: Monitor 24 pulgadas | D7: Monitor | E7: LG | F7: 24MP400 | G7: LG-24MP-000701 | H7: LAB-03 | I7: Laboratorio de Electrónica | J7: DISPONIBLE
A8: 5 | B8: PRO-001 | C8: Proyector portátil | D8: Proyector | E8: Epson | F8: PowerLite X49 | G8: EP-X49-000301 | H8: LAB-01 | I8: Laboratorio de Computación | J8: DISPONIBLE
A9: 6 | B9: ROU-001 | C9: Router de práctica | D9: Router | E9: Cisco | F9: ISR 4221 | G9: CS-4221-000401 | H9: LAB-02 | I9: Laboratorio de Redes | J9: DISPONIBLE
A10: 7 | B10: SWI-001 | C10: Switch de práctica | D10: Switch | E10: Cisco | F10: Catalyst 2960 | G10: CS-2960-000501 | H10: LAB-02 | I10: Laboratorio de Redes | J10: DISPONIBLE
A11: 8 | B11: TAB-001 | C11: Tablet de préstamo | D11: Tablet | E11: Samsung | F11: Galaxy Tab A9 | G11: SM-A9-000601 | H11: LAB-02 | I11: Laboratorio de Redes | J11: DISPONIBLE

Sheet Préstamos
A1: N° | B1: Solicitante | C1: Identificación | D1: Fecha de préstamo | E1: Devolver antes de | F1: Estado | G1: Registró | H1: Observaciones | I1: Equipos | J1: Devueltos | K1: Pendientes | L1: Vencido
A2: 1 | B2: Kevin | C2: 12345678 | D2: 46312.018 | E2: 46313.017 | F2: FINALIZADO | G2: Ana Administradora | H2: Bien | I2: 1 | J2: 1 | K2: =I2-J2 -> 0 | L2: =IF(AND(F2="ACTIVO",K2>0,E2<Resumen!$B$4),"Sí","No") -> No
A3: 2 | B3: Kevin | C3: 12345 | D3: 46312.48 | E3: 46313.479 | F3: ACTIVO | G3: Ana Administradora | I3: 1 | J3: 0 | K3: =I3-J3 -> 1 | L3: =IF(AND(F3="ACTIVO",K3>0,E3<Resumen!$B$4),"Sí","No") -> Sí

Sheet Detalle de préstamos
A1: ID | B1: N° préstamo | C1: Código equipo | D1: Equipo | E1: Situación | F1: Fecha de devolución | G1: Condición | H1: Observación | I1: Recibió
A2: 1 | B2: 1 | C2: CAM-002 | D2: Cámara web | E2: Devuelto | F2: 46312.018 | G2: BUENO | H2: ninguna | I2: Ana Administradora
A3: 2 | B3: 2 | C3: LAP-002 | D3: Laptop de préstamo 2 | E3: Pendiente

Sheet Devoluciones
A1: ID | B1: N° préstamo | C1: Código equipo | D1: Equipo | E1: Fecha de devolución | F1: Condición | G1: Observación | H1: Recibió
A2: 1 | B2: 1 | C2: CAM-002 | D2: Cámara web | E2: 46312.018 | F2: BUENO | G2: ninguna | H2: Ana Administradora

Sheet Mantenimientos
A1: ID | B1: Código equipo | C1: Equipo | D1: Tipo | E1: Descripción | F1: Responsable | G1: Ingreso | H1: Salida | I1: Estado | J1: Resultado | K1: Observaciones | L1: Registró
A2: No hay mantenimientos registrados en la base de datos.

Sheet Usuarios
A1: ID | B1: Usuario | C1: Nombre | D1: Apellido | E1: Correo | F1: Rol | G1: Estado | H1: Creado el | I1: Rostro registrado
A2: 1 | B2: admin | C2: Ana | D2: Administradora | E2: admin@sigelab.edu.gt | F2: ADMIN | G2: ACTIVO | H2: 46299.996 | I2: Sí
A3: 2 | B3: encargado | C3: Erick | D3: Encargado | E3: encargado@sigelab.edu.gt | F3: ENCARGADO | G3: ACTIVO | H3: 46299.996 | I3: No
A4: 3 | B4: docente | C4: Diana | D4: Docente | E4: docente@sigelab.edu.gt | F4: DOCENTE | G4: ACTIVO | H4: 46299.996 | I4: No
A5: 4 | B5: inactivo | C5: Iván | D5: Inactivo | E5: inactivo@sigelab.edu.gt | F5: ENCARGADO | G5: INACTIVO | H5: 46299.996 | I5: No
A6: 1002 | B6: Samu.Perez | C6: Samuel | D6: Perez | E6: samuel@gmail.com | F6: DOCENTE | G6: ACTIVO | H6: 46312.734 | I6: No
A7: 1003 | B7: akeneths | C7: Keneth | D7: Alvarado | E7: akeneth@gmail.com | F7: DOCENTE | G7: ACTIVO | H7: 46312.748 | I7: Sí
A8: 1004 | B8: jvaldezj1 | C8: Daniel | D8: Valdez | E8: jvaldezj1@miumg.edu.gt | F8: DOCENTE | G8: ACTIVO | H8: 46312.768 | I8: Sí
A9: 1005 | B9: Alex | C9: Alex | D9: Morales | E9: alex@gmail.com | F9: DOCENTE | G9: ACTIVO | H9: 46312.768 | I9: Sí
A10: 1006 | B10: Twentl12 | C10: Diego Alexander | D10: Perez Reyes | E10: addtwentl@gmail.com | F10: DOCENTE | G10: ACTIVO | H10: 46312.769 | I10: Sí
A11: 2002 | B11: garcia001 | C11: Jonathan | D11: Garcia | E11: jonathanalejandrogarciia@gmail.com | F11: DOCENTE | G11: ACTIVO | H11: 46312.777 | I11: Sí

Sheet Laboratorios
A1: ID | B1: Código | C1: Nombre | D1: Ubicación | E1: Capacidad | F1: Estado | G1: Equipos asignados
A2: 1 | B2: LAB-01 | C2: Laboratorio de Computación | D2: Edificio A, nivel 2 | E2: 30 | F2: ACTIVO | G2: =COUNTIF(Equipos!$H:$H,B2) -> 5
A3: 2 | B3: LAB-02 | C3: Laboratorio de Redes | D3: Edificio A, nivel 3 | E3: 24 | F3: ACTIVO | G3: =COUNTIF(Equipos!$H:$H,B3) -> 3
A4: 3 | B4: LAB-03 | C4: Laboratorio de Electrónica | D4: Edificio B, nivel 1 | E4: 20 | F4: ACTIVO | G4: =COUNTIF(Equipos!$H:$H,B4) -> 2

Sheet Tipos de equipo
A1: ID | B1: Nombre | C1: Descripción | D1: Estado | E1: Equipos
A2: 2 | B2: Cámara | C2: Cámaras fotográficas y de video | D2: ACTIVO | E2: =COUNTIF(Equipos!$D:$D,B2) -> 2
A3: 8 | B3: Kit electrónico | C3: Kits de práctica de electrónica | D3: ACTIVO | E3: =COUNTIF(Equipos!$D:$D,B3) -> 1
A4: 1 | B4: Laptop | C4: Computadoras portátiles | D4: ACTIVO | E4: =COUNTIF(Equipos!$D:$D,B4) -> 2
A5: 7 | B5: Monitor | C5: Pantallas y monitores | D5: ACTIVO | E5: =COUNTIF(Equipos!$D:$D,B5) -> 1
A6: 3 | B6: Proyector | C6: Proyectores multimedia | D6: ACTIVO | E6: =COUNTIF(Equipos!$D:$D,B6) -> 1
A7: 4 | B7: Router | C7: Equipos de enrutamiento | D7: ACTIVO | E7: =COUNTIF(Equipos!$D:$D,B7) -> 1
A8: 5 | B8: Switch | C8: Equipos de conmutación | D8: ACTIVO | E8: =COUNTIF(Equipos!$D:$D,B8) -> 1
A9: 6 | B9: Tablet | C9: Tabletas | D9: ACTIVO | E9: =COUNTIF(Equipos!$D:$D,B9) -> 1

Sheet Roles
A1: ID | B1: Rol | C1: Descripción | D1: Usuarios
A2: 1 | B2: ADMIN | C2: Acceso completo al sistema | D2: =COUNTIF(Usuarios!$F:$F,B2) -> 1
A3: 2 | B3: ENCARGADO | C3: Operación cotidiana: equipos, préstamos, devoluciones y mantenimiento | D3: =COUNTIF(Usuarios!$F:$F,B3) -> 2
A4: 3 | B4: DOCENTE | C4: Consultas | D4: =COUNTIF(Usuarios!$F:$F,B4) -> 7

Sheet Auditoría
A1: ID | B1: Fecha y hora | C1: Acción | D1: Entidad | E1: ID registro | F1: Usuario | G1: Descripción
A2: 40005 | B2: 46320.57 | C2: LOGIN_EXITOSO | D2: Usuario | E2: 1 | F2: admin | G2: Inicio de sesión desde la app móvil.
A3: 40004 | B3: 46320.568 | C3: LOGIN_FALLIDO | D3: Usuario | E3: 1 | F3: admin | G3: Contraseña incorrecta (app móvil).
A4: 40003 | B4: 46320.568 | C4: LOGIN_FALLIDO | D4: Usuario | E4: 1 | F4: admin | G4: Contraseña incorrecta (app móvil).
A5: 40002 | B5: 46319.513 | C5: LOGIN_EXITOSO | D5: Usuario | E5: 1 | F5: admin | G5: Inicio de sesión.
A6: 30003 | B6: 46312.527 | C6: LOGIN_EXITOSO | D6: Usuario | E6: 2002 | F6: garcia001 | G6: Inicio de sesión.
A7: 30002 | B7: 46312.527 | C7: ROSTRO_REGISTRADO | D7: UsuarioRostro | E7: 2002 | F7: garcia001 | G7: Rostro registrado para garcia001.
A8: 20021 | B8: 46312.522 | C8: LOGIN_EXITOSO | D8: Usuario | E8: 1004 | F8: jvaldezj1 | G8: Inicio de sesión.
A9: 20020 | B9: 46312.521 | C9: LOGIN_EXITOSO | D9: Usuario | E9: 1003 | F9: akeneths | G9: Inicio de sesión.
A10: 20019 | B10: 46312.521 | C10: LOGIN_EXITOSO | D10: Usuario | E10: 1 | F10: admin | G10: Inicio de sesión.
A11: 20018 | B11: 46312.52 | C11: LOGIN_EXITOSO | D11: Usuario | E11: 1005 | F11: Alex | G11: Inicio de sesión.
A12: 20017 | B12: 46312.52 | C12: LOGIN_EXITOSO | D12: Usuario | E12: 1006 | F12: Twentl12 | G12: Inicio de sesión.
A13: 20016 | B13: 46312.52 | C13: ROSTRO_REGISTRADO | D13: UsuarioRostro | E13: 1006 | F13: Twentl12 | G13: Rostro registrado para Twentl12.
... A16: 20013 | B16: 46312.499 | C16: LOGIN_EXITOSO | D16: Usuario | E16: 1003 | F16: akeneths | G16: Inicio de sesión.
A17: 20012 | B17: 46312.499 | C17: LOGIN_FALLIDO | D17: Usuario | G17: Usuario inexistente: akeneth87
A18: 20011 | B18: 46312.498 | C18: ROSTRO_REGISTRADO | D18: UsuarioRostro | E18: 1003 | F18: akeneths | G18: Rostro registrado para akeneths.
A19: 20010 | B19: 46312.484 | C19: LOGIN_FALLIDO | D19: Usuario | E19: 1 | F19: admin | G19: Validación facial fallida.
A20: 20009 | B20: 46312.48 | C20: PRESTAMO_CREADO | D20: Prestamo | E20: 2 | F20: admin | G20: Préstamo a Kevin con 1 equipo(s): LAP-002
A21: 20008 | B21: 46312.478 | C21: LOGIN_EXITOSO | D21: Usuario | E21: 1 | F21: admin | G21: Inicio de sesión.
A22: 20007 | B22: 46312.471 | C22: LOGIN_FALLIDO | D22: Usuario | E22: 1 | F22: admin | G22: Validación facial fallida.
A23: 20006 | B23: 46312.471 | C23: LOGIN_FALLIDO | D23: Usuario | E23: 1 | F23: admin | G23: Validación facial fallida.
A24: 20005 | B24: 46312.469 | C24: LOGIN_EXITOSO | D24: Usuario | E24: 1 | F24: admin | G24: Inicio de sesión.
A25: 20004 | B25: 46312.469 | C25: ROSTRO_REGISTRADO | D25: UsuarioRostro | E25: 1 | F25: admin | G25: Rostro registrado para admin.
A26: 20003 | B26: 46312.468 | C26: LOGIN_EXITOSO | D26: Usuario | E26: 1 | F26: admin | G26: Inicio de sesión.
A27: 20002 | B27: 46312.468 | C27: LOGIN_FALLIDO | D27: Usuario | G27: Usuario inexistente: Alex
A28: 10005 | B28: 46312.018 | C28: EQUIPO_DEVUELTO | D28: Devolucion | E28: 1 | F28: admin | G28: Equipo CAM-002 devuelto en condición BUENO (préstamo N° 1).
A29: 10004 | B29: 46312.018 | C29: PRESTAMO_CREADO | D29: Prestamo | E29: 1 | F29: admin | G29: Préstamo a Kevin con 1 equipo(s): CAM-002
A30: 10003 | B30: 46312.017 | C30: LOGIN_EXITOSO | D30: Usuario | E30: 1 | F30: admin | G30: Inicio de sesión.
A31: 10002 | B31: 46311.999 | C31: LOGIN_EXITOSO | D31: Usuario | E31: 1 | F31: admin | G31: Inicio de sesión.
A32: 9 | B32: 46299.907 | C32: LOGIN_EXITOSO | D32: Usuario | E32: 1 | F32: admin | G32: Inicio de sesión.
A33: 8 | B33: 46299.898 | C33: LOGIN_EXITOSO | D33: Usuario | E33: 1 | F33: admin | G33: Inicio de sesión.
A34: 7 | B34: 46299.892 | C34: LOGIN_EXITOSO | D34: Usuario | E34: 1 | F34: admin | G34: Inicio de sesión.
A35: 6 | B35: 46299.886 | C35: LOGIN_EXITOSO | D35: Usuario | E35: 1 | F35: admin | G35: Inicio de sesión.
A36: 5 | B36: 46299.884 | C36: LOGIN_EXITOSO | D36: Usuario | E36: 1 | F36: admin | G36: Inicio de sesión.
A37: 4 | B37: 46299.849 | C37: LOGIN_EXITOSO | D37: Usuario | E37: 1 | F37: admin | G37: Inicio de sesión.
A38: 3 | B38: 46299.812 | C38: LOGIN_EXITOSO | D38: Usuario | E38: 1 | F38: admin | G38: Inicio de sesión.
A39: 2 | B39: 46299.784 | C39: LOGIN_EXITOSO | D39: Usuario | E39: 1 | F39: admin | G39: Inicio de sesión.
A40: 1 | B40: 46299.779 | C40: LOGIN_EXITOSO | D40: Usuario | E40: 1 | F40: admin | G40: Inicio de sesión.

Sheet Recuperaciones
A1: ID | B1: Usuario | C1: Creado | D1: Expira | E1: Usado
A2: No hay solicitudes de recuperación de contraseña registradas.
